"1","{'Releases'}"
"2","{'Releases', 'Merged'}"
"3","{'Releases', 'EditorPullRequest'}"
"4","{'Merged', 'Releases', 'EditorPullRequest'}"
"5","{'Releases', 'AuthorPullRequest'}"
"6","{'EditorPullRequest', 'Releases', 'AuthorPullRequest'}"
"7","{'Merged', 'Releases', 'AuthorPullRequest'}"
"8","{'Merged', 'EditorPullRequest', 'Releases', 'AuthorPullRequest'}"
"9","{'EditorIssue', 'Releases'}"
"10","{'EditorIssue', 'Releases', 'AuthorPullRequest'}"
"11","{'EditorIssue', 'Releases', 'EditorPullRequest'}"
"12","{'AuthorPullRequest', 'EditorIssue', 'Releases', 'EditorPullRequest'}"
"13","{'EditorIssue', 'Releases', 'Merged'}"
"14","{'EditorIssue', 'EditorPullRequest', 'Releases', 'Merged'}"
"15","{'AuthorPullRequest', 'EditorIssue', 'Releases', 'Merged'}"
"16","{'EditorIssue', 'Merged', 'EditorPullRequest', 'Releases', 'AuthorPullRequest'}"
"17","{'AuthorIssue', 'Releases'}"
"18","{'AuthorIssue', 'EditorIssue', 'Releases'}"
"19","{'AuthorIssue', 'Releases', 'AuthorPullRequest'}"
"20","{'AuthorIssue', 'EditorIssue', 'Releases', 'AuthorPullRequest'}"
"21","{'AuthorIssue', 'Releases', 'EditorPullRequest'}"
"22","{'AuthorIssue', 'AuthorPullRequest', 'Releases', 'EditorPullRequest'}"
"23","{'AuthorIssue', 'EditorIssue', 'Releases', 'EditorPullRequest'}"
"24","{'AuthorIssue', 'EditorIssue', 'Releases', 'EditorPullRequest', 'AuthorPullRequest'}"
"25","{'AuthorIssue', 'Releases', 'Merged'}"
"26","{'AuthorIssue', 'EditorPullRequest', 'Releases', 'Merged'}"
"27","{'AuthorIssue', 'AuthorPullRequest', 'Releases', 'Merged'}"
"28","{'AuthorIssue', 'Merged', 'EditorPullRequest', 'Releases', 'AuthorPullRequest'}"
"29","{'AuthorIssue', 'EditorIssue', 'Releases', 'Merged'}"
"30","{'AuthorIssue', 'EditorIssue', 'Merged', 'Releases', 'AuthorPullRequest'}"
"31","{'AuthorIssue', 'EditorIssue', 'Merged', 'EditorPullRequest', 'Releases'}"
"32","{'AuthorIssue', 'EditorIssue', 'EditorPullRequest', 'Releases', 'AuthorPullRequest', 'Merged'}"
"33","{'Reactions', 'Releases'}"
"34","{'AuthorIssue', 'Reactions', 'Releases'}"
"35","{'EditorIssue', 'Reactions', 'Releases'}"
"36","{'AuthorIssue', 'EditorIssue', 'Reactions', 'Releases'}"
"37","{'Reactions', 'Releases', 'AuthorPullRequest'}"
"38","{'EditorIssue', 'Reactions', 'Releases', 'AuthorPullRequest'}"
"39","{'AuthorIssue', 'Reactions', 'Releases', 'AuthorPullRequest'}"
"40","{'AuthorIssue', 'EditorIssue', 'Reactions', 'Releases', 'AuthorPullRequest'}"
"41","{'Reactions', 'Releases', 'EditorPullRequest'}"
"42","{'AuthorPullRequest', 'Reactions', 'Releases', 'EditorPullRequest'}"
"43","{'EditorIssue', 'Reactions', 'Releases', 'EditorPullRequest'}"
"44","{'EditorIssue', 'Reactions', 'Releases', 'EditorPullRequest', 'AuthorPullRequest'}"
"45","{'AuthorIssue', 'Reactions', 'Releases', 'EditorPullRequest'}"
"46","{'AuthorIssue', 'EditorIssue', 'Reactions', 'Releases', 'EditorPullRequest'}"
"47","{'AuthorIssue', 'Reactions', 'Releases', 'EditorPullRequest', 'AuthorPullRequest'}"
"48","{'AuthorIssue', 'EditorIssue', 'Reactions', 'Releases', 'EditorPullRequest', 'AuthorPullRequest'}"
"49","{'Reactions', 'Releases', 'Merged'}"
"50","{'EditorPullRequest', 'Reactions', 'Releases', 'Merged'}"
"51","{'AuthorPullRequest', 'Reactions', 'Releases', 'Merged'}"
"52","{'Merged', 'Reactions', 'EditorPullRequest', 'Releases', 'AuthorPullRequest'}"
"53","{'EditorIssue', 'Reactions', 'Releases', 'Merged'}"
"54","{'EditorIssue', 'Merged', 'Reactions', 'Releases', 'AuthorPullRequest'}"
"55","{'EditorIssue', 'Merged', 'Reactions', 'EditorPullRequest', 'Releases'}"
"56","{'EditorIssue', 'Reactions', 'EditorPullRequest', 'Releases', 'AuthorPullRequest', 'Merged'}"
"57","{'AuthorIssue', 'Reactions', 'Releases', 'Merged'}"
"58","{'AuthorIssue', 'EditorIssue', 'Merged', 'Reactions', 'Releases'}"
"59","{'AuthorIssue', 'Merged', 'Reactions', 'Releases', 'AuthorPullRequest'}"
"60","{'AuthorIssue', 'EditorIssue', 'Reactions', 'Releases', 'AuthorPullRequest', 'Merged'}"
"61","{'AuthorIssue', 'Merged', 'Reactions', 'EditorPullRequest', 'Releases'}"
"62","{'AuthorIssue', 'Reactions', 'EditorPullRequest', 'Releases', 'AuthorPullRequest', 'Merged'}"
"63","{'AuthorIssue', 'EditorIssue', 'Reactions', 'EditorPullRequest', 'Releases', 'Merged'}"
"64","{'AuthorIssue', 'EditorIssue', 'Reactions', 'EditorPullRequest', 'Releases', 'AuthorPullRequest', 'Merged'}"
"65","{'Starred', 'Releases'}"
"66","{'Starred', 'Reactions', 'Releases'}"
"67","{'AuthorIssue', 'Starred', 'Releases'}"
"68","{'AuthorIssue', 'Starred', 'Reactions', 'Releases'}"
"69","{'EditorIssue', 'Starred', 'Releases'}"
"70","{'AuthorIssue', 'EditorIssue', 'Starred', 'Releases'}"
"71","{'EditorIssue', 'Starred', 'Reactions', 'Releases'}"
"72","{'AuthorIssue', 'EditorIssue', 'Starred', 'Reactions', 'Releases'}"
"73","{'Starred', 'Releases', 'AuthorPullRequest'}"
"74","{'EditorIssue', 'Starred', 'Releases', 'AuthorPullRequest'}"
"75","{'AuthorIssue', 'Starred', 'Releases', 'AuthorPullRequest'}"
"76","{'AuthorIssue', 'EditorIssue', 'Starred', 'Releases', 'AuthorPullRequest'}"
"77","{'Starred', 'Reactions', 'Releases', 'AuthorPullRequest'}"
"78","{'AuthorIssue', 'Starred', 'Reactions', 'Releases', 'AuthorPullRequest'}"
"79","{'EditorIssue', 'Starred', 'Reactions', 'Releases', 'AuthorPullRequest'}"
"80","{'AuthorIssue', 'EditorIssue', 'Starred', 'Reactions', 'Releases', 'AuthorPullRequest'}"
"81","{'Starred', 'Releases', 'EditorPullRequest'}"
"82","{'AuthorPullRequest', 'Starred', 'Releases', 'EditorPullRequest'}"
"83","{'EditorIssue', 'Starred', 'Releases', 'EditorPullRequest'}"
"84","{'EditorIssue', 'Starred', 'Releases', 'EditorPullRequest', 'AuthorPullRequest'}"
"85","{'AuthorIssue', 'Starred', 'Releases', 'EditorPullRequest'}"
"86","{'AuthorIssue', 'EditorIssue', 'Starred', 'Releases', 'EditorPullRequest'}"
"87","{'AuthorIssue', 'Starred', 'Releases', 'EditorPullRequest', 'AuthorPullRequest'}"
"88","{'AuthorIssue', 'EditorIssue', 'Starred', 'Releases', 'EditorPullRequest', 'AuthorPullRequest'}"
"89","{'Starred', 'Reactions', 'Releases', 'EditorPullRequest'}"
"90","{'AuthorIssue', 'Starred', 'Reactions', 'Releases', 'EditorPullRequest'}"
"91","{'EditorIssue', 'Starred', 'Reactions', 'Releases', 'EditorPullRequest'}"
"92","{'AuthorIssue', 'EditorIssue', 'Starred', 'Reactions', 'Releases', 'EditorPullRequest'}"
"93","{'Starred', 'Reactions', 'Releases', 'EditorPullRequest', 'AuthorPullRequest'}"
"94","{'EditorIssue', 'Starred', 'Reactions', 'Releases', 'EditorPullRequest', 'AuthorPullRequest'}"
"95","{'AuthorIssue', 'Starred', 'Reactions', 'Releases', 'EditorPullRequest', 'AuthorPullRequest'}"
"96","{'AuthorIssue', 'EditorIssue', 'Starred', 'Reactions', 'Releases', 'EditorPullRequest', 'AuthorPullRequest'}"
"97","{'Starred', 'Releases', 'Merged'}"
"98","{'Starred', 'EditorPullRequest', 'Releases', 'Merged'}"
"99","{'AuthorPullRequest', 'Starred', 'Releases', 'Merged'}"
"100","{'Starred', 'Merged', 'EditorPullRequest', 'Releases', 'AuthorPullRequest'}"
"101","{'EditorIssue', 'Starred', 'Releases', 'Merged'}"
"102","{'EditorIssue', 'Starred', 'Merged', 'Releases', 'AuthorPullRequest'}"
"103","{'EditorIssue', 'Starred', 'Merged', 'EditorPullRequest', 'Releases'}"
"104","{'EditorIssue', 'Starred', 'EditorPullRequest', 'Releases', 'AuthorPullRequest', 'Merged'}"
"105","{'AuthorIssue', 'Starred', 'Releases', 'Merged'}"
"106","{'AuthorIssue', 'EditorIssue', 'Starred', 'Merged', 'Releases'}"
"107","{'AuthorIssue', 'Starred', 'Merged', 'Releases', 'AuthorPullRequest'}"
"108","{'AuthorIssue', 'EditorIssue', 'Starred', 'Releases', 'AuthorPullRequest', 'Merged'}"
"109","{'AuthorIssue', 'Starred', 'Merged', 'EditorPullRequest', 'Releases'}"
"110","{'AuthorIssue', 'Starred', 'EditorPullRequest', 'Releases', 'AuthorPullRequest', 'Merged'}"
"111","{'AuthorIssue', 'EditorIssue', 'Starred', 'EditorPullRequest', 'Releases', 'Merged'}"
"112","{'AuthorIssue', 'EditorIssue', 'Starred', 'EditorPullRequest', 'Releases', 'AuthorPullRequest', 'Merged'}"
"113","{'Starred', 'Reactions', 'Releases', 'Merged'}"
"114","{'AuthorIssue', 'Starred', 'Merged', 'Reactions', 'Releases'}"
"115","{'EditorIssue', 'Starred', 'Merged', 'Reactions', 'Releases'}"
"116","{'AuthorIssue', 'EditorIssue', 'Starred', 'Reactions', 'Releases', 'Merged'}"
"117","{'Starred', 'Merged', 'Reactions', 'Releases', 'AuthorPullRequest'}"
"118","{'EditorIssue', 'Starred', 'Reactions', 'Releases', 'AuthorPullRequest', 'Merged'}"
"119","{'AuthorIssue', 'Starred', 'Reactions', 'Releases', 'AuthorPullRequest', 'Merged'}"
"120","{'AuthorIssue', 'EditorIssue', 'Starred', 'Reactions', 'Releases', 'AuthorPullRequest', 'Merged'}"
"121","{'Starred', 'Merged', 'Reactions', 'EditorPullRequest', 'Releases'}"
"122","{'Starred', 'Reactions', 'EditorPullRequest', 'Releases', 'AuthorPullRequest', 'Merged'}"
"123","{'EditorIssue', 'Starred', 'Reactions', 'EditorPullRequest', 'Releases', 'Merged'}"
"124","{'EditorIssue', 'Starred', 'Reactions', 'EditorPullRequest', 'Releases', 'AuthorPullRequest', 'Merged'}"
"125","{'AuthorIssue', 'Starred', 'Reactions', 'EditorPullRequest', 'Releases', 'Merged'}"
"126","{'AuthorIssue', 'EditorIssue', 'Starred', 'Reactions', 'EditorPullRequest', 'Releases', 'Merged'}"
"127","{'AuthorIssue', 'Starred', 'Reactions', 'EditorPullRequest', 'Releases', 'AuthorPullRequest', 'Merged'}"
"128","{'AuthorIssue', 'EditorIssue', 'Starred', 'Reactions', 'EditorPullRequest', 'Releases', 'AuthorPullRequest', 'Merged'}"
"129","{'Taggers'}"
"130","{'EditorIssue', 'Taggers'}"
"131","{'EditorIssue', 'Reactions', 'Taggers'}"
"132","{'AuthorIssue', 'EditorIssue', 'Taggers'}"
"133","{'AuthorIssue', 'EditorIssue', 'Reactions', 'Taggers'}"
"134","{'EditorIssue', 'Taggers', 'AuthorPullRequest'}"
"135","{'AuthorIssue', 'EditorIssue', 'Taggers', 'AuthorPullRequest'}"
"136","{'EditorIssue', 'Reactions', 'Taggers', 'AuthorPullRequest'}"
"137","{'AuthorIssue', 'EditorIssue', 'Reactions', 'Taggers', 'AuthorPullRequest'}"
"138","{'EditorIssue', 'Taggers', 'EditorPullRequest'}"
"139","{'EditorIssue', 'Taggers', 'EditorPullRequest', 'AuthorPullRequest'}"
"140","{'AuthorIssue', 'EditorIssue', 'Taggers', 'EditorPullRequest'}"
"141","{'AuthorIssue', 'EditorIssue', 'Taggers', 'EditorPullRequest', 'AuthorPullRequest'}"
"142","{'EditorIssue', 'Reactions', 'Taggers', 'EditorPullRequest'}"
"143","{'AuthorIssue', 'EditorIssue', 'Reactions', 'Taggers', 'EditorPullRequest'}"
"144","{'EditorIssue', 'Reactions', 'Taggers', 'EditorPullRequest', 'AuthorPullRequest'}"
"145","{'AuthorIssue', 'EditorIssue', 'Reactions', 'Taggers', 'EditorPullRequest', 'AuthorPullRequest'}"
"146","{'Starred', 'Taggers'}"
"147","{'Starred', 'Reactions', 'Taggers'}"
"148","{'AuthorIssue', 'Starred', 'Taggers'}"
"149","{'AuthorIssue', 'Starred', 'Reactions', 'Taggers'}"
"150","{'Starred', 'Taggers', 'AuthorPullRequest'}"
"151","{'AuthorIssue', 'Starred', 'Taggers', 'AuthorPullRequest'}"
"152","{'Starred', 'Reactions', 'Taggers', 'AuthorPullRequest'}"
"153","{'AuthorIssue', 'Starred', 'Reactions', 'Taggers', 'AuthorPullRequest'}"
"154","{'Starred', 'Taggers', 'EditorPullRequest'}"
"155","{'Starred', 'Taggers', 'EditorPullRequest', 'AuthorPullRequest'}"
"156","{'AuthorIssue', 'Starred', 'Taggers', 'EditorPullRequest'}"
"157","{'AuthorIssue', 'Starred', 'Taggers', 'EditorPullRequest', 'AuthorPullRequest'}"
"158","{'Starred', 'Reactions', 'Taggers', 'EditorPullRequest'}"
"159","{'AuthorIssue', 'Starred', 'Reactions', 'Taggers', 'EditorPullRequest'}"
"160","{'Starred', 'Reactions', 'Taggers', 'EditorPullRequest', 'AuthorPullRequest'}"
"161","{'AuthorIssue', 'Starred', 'Reactions', 'Taggers', 'EditorPullRequest', 'AuthorPullRequest'}"
"162","{'Taggers', 'EditorPullRequest'}"
"163","{'Taggers', 'AuthorPullRequest'}"
"164","{'Taggers', 'EditorPullRequest', 'AuthorPullRequest'}"
"165","{'AuthorIssue', 'Taggers'}"
"166","{'AuthorIssue', 'Taggers', 'AuthorPullRequest'}"
"167","{'AuthorIssue', 'Taggers', 'EditorPullRequest'}"
"168","{'AuthorIssue', 'Taggers', 'EditorPullRequest', 'AuthorPullRequest'}"
"169","{'Reactions', 'Taggers'}"
"170","{'AuthorIssue', 'Reactions', 'Taggers'}"
"171","{'Reactions', 'Taggers', 'AuthorPullRequest'}"
"172","{'AuthorIssue', 'Reactions', 'Taggers', 'AuthorPullRequest'}"
"173","{'Reactions', 'Taggers', 'EditorPullRequest'}"
"174","{'Reactions', 'Taggers', 'EditorPullRequest', 'AuthorPullRequest'}"
"175","{'AuthorIssue', 'Reactions', 'Taggers', 'EditorPullRequest'}"
"176","{'AuthorIssue', 'Reactions', 'Taggers', 'EditorPullRequest', 'AuthorPullRequest'}"
"177","{'Merged'}"
"178","{'AuthorIssue', 'Merged'}"
"179","{'AuthorIssue', 'Starred', 'Merged'}"
"180","{'AuthorIssue', 'Reactions', 'Merged'}"
"181","{'AuthorIssue', 'Starred', 'Reactions', 'Merged'}"
"182","{'AuthorIssue', 'EditorIssue', 'Merged'}"
"183","{'AuthorIssue', 'EditorIssue', 'Reactions', 'Merged'}"
"184","{'AuthorIssue', 'EditorIssue', 'Starred', 'Merged'}"
"185","{'AuthorIssue', 'EditorIssue', 'Starred', 'Merged', 'Reactions'}"
"186","{'AuthorIssue', 'AuthorPullRequest', 'Merged'}"
"187","{'AuthorIssue', 'EditorIssue', 'AuthorPullRequest', 'Merged'}"
"188","{'AuthorIssue', 'Reactions', 'AuthorPullRequest', 'Merged'}"
"189","{'AuthorIssue', 'EditorIssue', 'Merged', 'Reactions', 'AuthorPullRequest'}"
"190","{'AuthorIssue', 'Starred', 'AuthorPullRequest', 'Merged'}"
"191","{'AuthorIssue', 'Starred', 'Merged', 'Reactions', 'AuthorPullRequest'}"
"192","{'AuthorIssue', 'EditorIssue', 'Starred', 'Merged', 'AuthorPullRequest'}"
"193","{'AuthorIssue', 'EditorIssue', 'Starred', 'Reactions', 'AuthorPullRequest', 'Merged'}"
"194","{'AuthorIssue', 'EditorPullRequest', 'Merged'}"
"195","{'AuthorIssue', 'AuthorPullRequest', 'EditorPullRequest', 'Merged'}"
"196","{'AuthorIssue', 'EditorIssue', 'EditorPullRequest', 'Merged'}"
"197","{'AuthorIssue', 'EditorIssue', 'Merged', 'EditorPullRequest', 'AuthorPullRequest'}"
"198","{'AuthorIssue', 'Reactions', 'EditorPullRequest', 'Merged'}"
"199","{'AuthorIssue', 'EditorIssue', 'Merged', 'Reactions', 'EditorPullRequest'}"
"200","{'AuthorIssue', 'Merged', 'Reactions', 'EditorPullRequest', 'AuthorPullRequest'}"
"201","{'AuthorIssue', 'EditorIssue', 'Reactions', 'EditorPullRequest', 'AuthorPullRequest', 'Merged'}"
"202","{'AuthorIssue', 'Starred', 'EditorPullRequest', 'Merged'}"
"203","{'AuthorIssue', 'Starred', 'Merged', 'Reactions', 'EditorPullRequest'}"
"204","{'AuthorIssue', 'EditorIssue', 'Starred', 'Merged', 'EditorPullRequest'}"
"205","{'AuthorIssue', 'EditorIssue', 'Starred', 'Reactions', 'EditorPullRequest', 'Merged'}"
"206","{'AuthorIssue', 'Starred', 'Merged', 'EditorPullRequest', 'AuthorPullRequest'}"
"207","{'AuthorIssue', 'EditorIssue', 'Starred', 'EditorPullRequest', 'AuthorPullRequest', 'Merged'}"
"208","{'AuthorIssue', 'Starred', 'Reactions', 'EditorPullRequest', 'AuthorPullRequest', 'Merged'}"
"209","{'AuthorIssue', 'EditorIssue', 'Starred', 'Reactions', 'EditorPullRequest', 'AuthorPullRequest', 'Merged'}"
"210","{'EditorPullRequest', 'Merged'}"
"211","{'AuthorPullRequest', 'Merged'}"
"212","{'AuthorPullRequest', 'EditorPullRequest', 'Merged'}"
"213","{'EditorIssue', 'Merged'}"
"214","{'AuthorPullRequest', 'EditorIssue', 'Merged'}"
"215","{'EditorIssue', 'EditorPullRequest', 'Merged'}"
"216","{'AuthorPullRequest', 'EditorIssue', 'EditorPullRequest', 'Merged'}"
"217","{'Reactions', 'Merged'}"
"218","{'EditorIssue', 'Reactions', 'Merged'}"
"219","{'AuthorPullRequest', 'Reactions', 'Merged'}"
"220","{'AuthorPullRequest', 'EditorIssue', 'Reactions', 'Merged'}"
"221","{'Reactions', 'EditorPullRequest', 'Merged'}"
"222","{'AuthorPullRequest', 'Reactions', 'EditorPullRequest', 'Merged'}"
"223","{'EditorIssue', 'Reactions', 'EditorPullRequest', 'Merged'}"
"224","{'EditorIssue', 'Merged', 'Reactions', 'EditorPullRequest', 'AuthorPullRequest'}"
"225","{'Starred', 'Merged'}"
"226","{'Starred', 'Reactions', 'Merged'}"
"227","{'EditorIssue', 'Starred', 'Merged'}"
"228","{'EditorIssue', 'Starred', 'Reactions', 'Merged'}"
"229","{'AuthorPullRequest', 'Starred', 'Merged'}"
"230","{'AuthorPullRequest', 'EditorIssue', 'Starred', 'Merged'}"
"231","{'AuthorPullRequest', 'Starred', 'Reactions', 'Merged'}"
"232","{'EditorIssue', 'Starred', 'Merged', 'Reactions', 'AuthorPullRequest'}"
"233","{'Starred', 'EditorPullRequest', 'Merged'}"
"234","{'AuthorPullRequest', 'Starred', 'EditorPullRequest', 'Merged'}"
"235","{'EditorIssue', 'Starred', 'EditorPullRequest', 'Merged'}"
"236","{'EditorIssue', 'Starred', 'Merged', 'EditorPullRequest', 'AuthorPullRequest'}"
"237","{'Starred', 'Reactions', 'EditorPullRequest', 'Merged'}"
"238","{'EditorIssue', 'Starred', 'Merged', 'Reactions', 'EditorPullRequest'}"
"239","{'Starred', 'Merged', 'Reactions', 'EditorPullRequest', 'AuthorPullRequest'}"
"240","{'EditorIssue', 'Starred', 'Reactions', 'EditorPullRequest', 'AuthorPullRequest', 'Merged'}"
"241","{'EditorPullRequest'}"
"242","{'EditorIssue', 'EditorPullRequest'}"
"243","{'EditorIssue', 'Starred', 'EditorPullRequest'}"
"244","{'EditorIssue', 'Starred', 'Reactions', 'EditorPullRequest'}"
"245","{'AuthorIssue', 'EditorIssue', 'Starred', 'Reactions', 'EditorPullRequest'}"
"246","{'AuthorIssue', 'EditorIssue', 'Starred', 'Reactions', 'EditorPullRequest', 'AuthorPullRequest'}"
"247","{'EditorIssue', 'Starred', 'Reactions', 'EditorPullRequest', 'AuthorPullRequest'}"
"248","{'AuthorIssue', 'EditorIssue', 'Starred', 'EditorPullRequest'}"
"249","{'AuthorIssue', 'EditorIssue', 'Starred', 'EditorPullRequest', 'AuthorPullRequest'}"
"250","{'EditorIssue', 'Starred', 'EditorPullRequest', 'AuthorPullRequest'}"
"251","{'EditorIssue', 'Reactions', 'EditorPullRequest'}"
"252","{'AuthorIssue', 'EditorIssue', 'Reactions', 'EditorPullRequest'}"
"253","{'AuthorIssue', 'EditorIssue', 'Reactions', 'EditorPullRequest', 'AuthorPullRequest'}"
"254","{'EditorIssue', 'Reactions', 'EditorPullRequest', 'AuthorPullRequest'}"
"255","{'AuthorIssue', 'EditorIssue', 'EditorPullRequest'}"
"256","{'AuthorIssue', 'EditorIssue', 'EditorPullRequest', 'AuthorPullRequest'}"
"257","{'EditorIssue', 'EditorPullRequest', 'AuthorPullRequest'}"
"258","{'AuthorIssue', 'EditorPullRequest'}"
"259","{'AuthorIssue', 'Starred', 'EditorPullRequest'}"
"260","{'AuthorIssue', 'Starred', 'Reactions', 'EditorPullRequest'}"
"261","{'AuthorIssue', 'Starred', 'Reactions', 'EditorPullRequest', 'AuthorPullRequest'}"
"262","{'AuthorIssue', 'Starred', 'EditorPullRequest', 'AuthorPullRequest'}"
"263","{'AuthorIssue', 'Reactions', 'EditorPullRequest'}"
"264","{'AuthorIssue', 'Reactions', 'EditorPullRequest', 'AuthorPullRequest'}"
"265","{'AuthorIssue', 'EditorPullRequest', 'AuthorPullRequest'}"
"266","{'Starred', 'EditorPullRequest'}"
"267","{'Starred', 'Reactions', 'EditorPullRequest'}"
"268","{'Starred', 'Reactions', 'EditorPullRequest', 'AuthorPullRequest'}"
"269","{'Starred', 'EditorPullRequest', 'AuthorPullRequest'}"
"270","{'Reactions', 'EditorPullRequest'}"
"271","{'Reactions', 'EditorPullRequest', 'AuthorPullRequest'}"
"272","{'EditorPullRequest', 'AuthorPullRequest'}"
"273","{'AuthorPullRequest'}"
"274","{'EditorIssue', 'AuthorPullRequest'}"
"275","{'EditorIssue', 'Starred', 'AuthorPullRequest'}"
"276","{'EditorIssue', 'Starred', 'Reactions', 'AuthorPullRequest'}"
"277","{'AuthorIssue', 'EditorIssue', 'Starred', 'Reactions', 'AuthorPullRequest'}"
"278","{'AuthorIssue', 'EditorIssue', 'Starred', 'AuthorPullRequest'}"
"279","{'EditorIssue', 'Reactions', 'AuthorPullRequest'}"
"280","{'AuthorIssue', 'EditorIssue', 'Reactions', 'AuthorPullRequest'}"
"281","{'AuthorIssue', 'EditorIssue', 'AuthorPullRequest'}"
"282","{'AuthorIssue', 'AuthorPullRequest'}"
"283","{'AuthorIssue', 'Starred', 'AuthorPullRequest'}"
"284","{'AuthorIssue', 'Starred', 'Reactions', 'AuthorPullRequest'}"
"285","{'AuthorIssue', 'Reactions', 'AuthorPullRequest'}"
"286","{'Starred', 'AuthorPullRequest'}"
"287","{'Starred', 'Reactions', 'AuthorPullRequest'}"
"288","{'Reactions', 'AuthorPullRequest'}"
"289","{'EditorIssue'}"
"290","{'EditorIssue', 'Starred'}"
"291","{'EditorIssue', 'Starred', 'Reactions'}"
"292","{'AuthorIssue', 'EditorIssue', 'Starred', 'Reactions'}"
"293","{'AuthorIssue', 'EditorIssue', 'Starred'}"
"294","{'EditorIssue', 'Reactions'}"
"295","{'AuthorIssue', 'EditorIssue', 'Reactions'}"
"296","{'AuthorIssue', 'EditorIssue'}"
"297","{'AuthorIssue'}"
"298","{'AuthorIssue', 'Reactions'}"
"299","{'AuthorIssue', 'Starred', 'Reactions'}"
"300","{'AuthorIssue', 'Starred'}"
"301","{'Reactions'}"
"302","{'Starred', 'Reactions'}"
"303","{'Starred'}"
