Starred,2016-07-06T14:34:02-04:00
AuthorPullRequest,2016-08-10T17:16:48-04:00
AuthorPullRequest,2016-08-10T17:47:50-04:00
AuthorPullRequest,2016-08-12T20:39:31-04:00
AuthorPullRequest,2016-11-13T15:37:58-03:00
AuthorPullRequest,2016-11-15T00:40:52-03:00
AuthorPullRequest,2016-11-16T20:27:47-03:00
Releases,
Taggers,
Reactions,
AuthorIssue,
EditorIssue,
EditorPullRequest,
Merged,
Watcher,False
AssigneeIssues,False
ParticipantIssue,False
AssigneePullRequest,False
ParticipantPullRequest,True
SuggestedReviewer,False
