Starred,"[datetime.datetime(2020, 5, 3, 4, 37, 3, tzinfo=datetime.timezone(datetime.timedelta(days=-1, seconds=72000)))]"
Releases,
Taggers,
Reactions,"[datetime.datetime(2021, 11, 30, 1, 53, 51, tzinfo=datetime.timezone(datetime.timedelta(days=-1, seconds=72000))), datetime.datetime(2021, 12, 11, 11, 44, 12, tzinfo=datetime.timezone(datetime.timedelta(days=-1, seconds=72000))), datetime.datetime(2022, 4, 19, 8, 45, 59, tzinfo=datetime.timezone(datetime.timedelta(days=-1, seconds=72000))), datetime.datetime(2022, 8, 6, 0, 48, 23, tzinfo=datetime.timezone(datetime.timedelta(days=-1, seconds=72000))), datetime.datetime(2022, 10, 4, 12, 28, 50, tzinfo=datetime.timezone(datetime.timedelta(days=-1, seconds=72000)))]"
Watcher,False
AssigneeIssues,False
AuthorIssue,
EditorIssue,
ParticipantIssue,True
AssigneePullRequest,False
AuthorPullRequest,
EditorPullRequest,
ParticipantPullRequest,False
Merged,
SuggestedReviewer,False
