Starred,"[datetime.datetime(2021, 5, 27, 1, 21, 15, tzinfo=datetime.timezone(datetime.timedelta(days=-1, seconds=72000)))]"
Releases,
Taggers,
Reactions,"[datetime.datetime(2021, 7, 9, 23, 2, 16, tzinfo=datetime.timezone(datetime.timedelta(days=-1, seconds=72000))), datetime.datetime(2021, 7, 9, 23, 2, 18, tzinfo=datetime.timezone(datetime.timedelta(days=-1, seconds=72000))), datetime.datetime(2021, 7, 28, 0, 18, 2, tzinfo=datetime.timezone(datetime.timedelta(days=-1, seconds=72000))), datetime.datetime(2021, 7, 28, 0, 18, 27, tzinfo=datetime.timezone(datetime.timedelta(days=-1, seconds=72000)))]"
Watcher,False
AssigneeIssues,False
AuthorIssue,
EditorIssue,
ParticipantIssue,False
AssigneePullRequest,False
AuthorPullRequest,
EditorPullRequest,
ParticipantPullRequest,False
Merged,
SuggestedReviewer,False
