Starred,"[datetime.datetime(2021, 6, 27, 10, 55, 11, tzinfo=datetime.timezone(datetime.timedelta(days=-1, seconds=72000)))]"
Releases,
Taggers,
Reactions,"[datetime.datetime(2021, 12, 16, 23, 25, 33, tzinfo=datetime.timezone(datetime.timedelta(days=-1, seconds=72000))), datetime.datetime(2021, 12, 16, 23, 25, 38, tzinfo=datetime.timezone(datetime.timedelta(days=-1, seconds=72000)))]"
Watcher,False
AssigneeIssues,False
AuthorIssue,
EditorIssue,
ParticipantIssue,False
AssigneePullRequest,False
AuthorPullRequest,
EditorPullRequest,
ParticipantPullRequest,False
Merged,
SuggestedReviewer,False
