Starred,"[datetime.datetime(2021, 5, 29, 14, 21, 41, tzinfo=datetime.timezone(datetime.timedelta(days=-1, seconds=72000)))]"
Releases,
Taggers,
Reactions,"[datetime.datetime(2021, 6, 11, 9, 22, 25, tzinfo=datetime.timezone(datetime.timedelta(days=-1, seconds=72000))), datetime.datetime(2021, 6, 11, 9, 22, 26, tzinfo=datetime.timezone(datetime.timedelta(days=-1, seconds=72000))), datetime.datetime(2021, 6, 11, 9, 22, 27, tzinfo=datetime.timezone(datetime.timedelta(days=-1, seconds=72000)))]"
Watcher,False
AssigneeIssues,False
AuthorIssue,
EditorIssue,
ParticipantIssue,False
AssigneePullRequest,False
AuthorPullRequest,
EditorPullRequest,
ParticipantPullRequest,False
Merged,
SuggestedReviewer,False
