"1","AuthorPullRequest","2021-06-15T14:43:51-04:00"
"2","EditorPullRequest","2021-06-15T15:38:42-04:00"
"3","AuthorPullRequest","2021-06-15T16:09:46-04:00"
"4","EditorPullRequest","2021-06-15T21:48:23-04:00"
"5","AuthorPullRequest","2021-06-27T16:53:03-04:00"
"6","EditorPullRequest","2021-06-27T16:53:53-04:00"
"7","AuthorPullRequest","2021-06-28T03:28:15-04:00"
"8","AuthorPullRequest","2021-08-08T23:52:03-04:00"
"9","Starred",""
"10","Releases",""
"11","Taggers",""
"12","Reactions",""
"13","AuthorIssue",""
"14","EditorIssue",""
"15","Merged",""
"16","Watcher","False"
"17","AssigneeIssues","False"
"18","ParticipantIssue","False"
"19","AssigneePullRequest","False"
"20","ParticipantPullRequest","True"
"21","SuggestedReviewer","False"
