Starred,2017-08-03T01:05:03-04:00
AuthorPullRequest,2019-11-06T07:36:51-04:00
Reactions,2019-11-06T07:57:55-04:00
AuthorPullRequest,2019-11-10T13:00:54-04:00
AuthorPullRequest,2020-03-19T16:23:18-04:00
EditorPullRequest,2020-03-29T10:07:07-04:00
AuthorIssue,2020-04-10T11:25:27-04:00
EditorIssue,2020-04-10T11:27:25-04:00
AuthorPullRequest,2020-04-11T17:42:00-04:00
Releases,
Taggers,
Merged,
Watcher,False
AssigneeIssues,False
ParticipantIssue,True
AssigneePullRequest,False
ParticipantPullRequest,True
SuggestedReviewer,False
